stage,ece,mce,brier,nll
before (T=1),0.12045449908874924,0.21987211166152254,0.41326796382070735,0.8474473071798329
after (T=0.602),0.02830667676094788,0.1276479460415243,0.39023330318032357,0.7767495107388908
