label,class_name,class_weight
0,akiec,4.368593238822246
1,bcc,2.7848453249913105
2,bkl,1.3021290427433772
3,df,12.440993788819876
4,nv,0.21338020666879728
5,vasc,10.040100250626567
6,mel,1.2860353130016051
